{"cameraMode":{"drawMode":0,"name":"Shaded","section":"Shading Mode"},"sceneLighting":true,"audioPlay":false,"sceneViewState":{"m_AlwaysRefresh":false,"showFog":true,"showSkybox":true,"showFlares":true,"showImageEffects":true,"showParticleSystems":true,"showVisualEffectGraphs":true,"m_FxEnabled":true},"in2DMode":false,"pivot":{"x":28.723175048828126,"y":-0.005486039444804192,"z":-39.284690856933597},"rotation":{"x":-0.006569300312548876,"y":-0.9845889210700989,"z":0.02810567058622837,"w":-0.17418000102043153},"size":46.512428283691409,"orthographic":false}